record_id	needs_review_class	performance_metric	performance_value	extraction_note
REC-AIBIOGU-000001	residual_caveat	AUC	Time-dependent AUC for PCa progression-free interval (TCGA-PRAD training): 1-yr 0.78, 3-yr 0.73, 5-yr 0.70; log-rank P<0.001. External validation: DKFZ2018 log-rank P=0.001 (AUC>0.	Scope borderline per inherited appraisal_note (AD comorbidity focus vs GU biomarker scope): study is primarily a dual-disease mechanistic/functional paper; the prognostic ML signature is a secondary discovery output rather than the central clinical-prediction contribution. Funding/COI/limitations no
REC-AIBIOGU-000002	appraisal_caution_already_in_rob	AUC	Time-dependent AUC 0.821, 0.842, 0.836 at 1/3/5 yr (TCGA-PRAD); HR 3.21 for BCR-free survival (log-rank P<0.0001)	Appraisal flags single-cohort TCGA-PRAD design without independent external validation despite thorough internal nomogram/DCA analyses.
REC-AIBIOGU-000007	appraisal_caution_already_in_rob	AUC	AUC >0.9 reported across test and GEO validation cohorts (abstract)	Appraisal_note states authors explicitly acknowledge lack of external validation as a limitation despite GEO validation cohorts in methods.
REC-AIBIOGU-000008	appraisal_caution_already_in_rob	AUC	5-year AUC 0.858 training (GSE220095); 0.745 external validation (GSE70769)	Appraisal flags notable training-to-validation AUC drop (0.858 to 0.745) warranting cautious interpretation.
REC-AIBIOGU-000010	appraisal_caution_already_in_rob	AUC	ROC-AUC 0.963 training and 0.920 validation; PR-AUC 0.950 and 0.921 respectively	Appraisal flags no external cohort—only internal training/validation split of single-center data.
REC-AIBIOGU-000013	appraisal_caution_already_in_rob	AUC	Nomogram AUC 0.908 training and 0.885 validation; TPR signature AUC 0.824 train and 0.816 validation	Appraisal flags validation as random split of pooled two-center data, not a true held-out external cohort.
REC-AIBIOGU-000014	appraisal_caution_already_in_rob	accuracy	Out-of-fold accuracy 93.8%; macro-F1 0.937	Appraisal flags n=80 and explicit lack of external validation despite strong nested-CV accuracy.
REC-AIBIOGU-000015	residual_caveat	AUC	AUC >0.90 across multiple independent GEO cohorts (abstract)	Paper anchor is EDC network toxicology and docking; ML signature is secondary explainable prioritization layer.
REC-AIBIOGU-000016	appraisal_caution_already_in_rob	AUC	AUC approximately 0.65–0.70 in external validation (per appraisal_note; numeric detail truncated in slice)	Appraisal notes modest discrimination (AUC ~0.65–0.70) despite genuine external cohort.
REC-AIBIOGU-000028	no_printed_number	other	Highest-average C-index model selected by tenfold cross-validation across TCGA and external cohorts, with Kaplan-Meier separation of recurrence-free survival; no numeric C-index or	The full text does not report a numeric performance metric.
REC-AIBIOGU-000029	residual_caveat	AUC	External-validation AUC = 1 for the combined feature-gene diagnostic model (Figure 7F)	The full text states an area under the curve value of 1 for the feature-gene model on external validation. That perfect AUC needs review as possible overfitting. Individual-gene AUCs are not printed.
REC-AIBIOGU-000036	residual_caveat	AUC	Combined set AUC 0.887 (random forest), 0.956 (naive Bayes), and 0.996 (SVM)	AUCs are printed, but the full text only says supplementary results were split into 10 runs and does not define cross-validation. T3b n=13 and an SVM AUC of 0.996 need review.
REC-AIBIOGU-000037	appraisal_caution_already_in_rob	accuracy	Highest accuracy 81.01% with Random Forest	Appraisal flags n=102 and no external validation despite GitHub code transparency.
REC-AIBIOGU-000038	appraisal_caution_already_in_rob	AUC	AUC 0.988 (GSE55597); AUC 1.0 (GSE119195, authors flag implausible)	Appraisal flags implausible AUC=1.0 in GSE119195 and lack of genuine independent external validation.
REC-AIBIOGU-000039	no_printed_number	other	Clinically meaningful odds ratio for aggressive progression (numeric OR truncated in slice)	Appraisal flags no true external cohort—validation was internal intermediate-risk subgroup split.
REC-AIBIOGU-000042	appraisal_caution_already_in_rob	AUC	Task1 combined model AUC 0.900 train/0.832 test; Task2 ITH AUC 0.802 train/0.840 test	Appraisal flags single-center design and high overfitting risk in Task 2 (25 CRPC events).
REC-AIBIOGU-000053	appraisal_caution_already_in_rob	AUC	Test set radiomics AUC 0.928 vs PI-RADS 0.807; combined nomogram AUC 0.955	Appraisal flags single-center design and stated need for further external validation.
REC-AIBIOGU-000054	no_printed_number	NR	NR	Paper anchor is mechanistic immunology; ML prognostic model is secondary with performance not quantified in slice.
REC-AIBIOGU-000063	appraisal_caution_already_in_rob	AUC	AUC up to ~0.966 reported for top model in slice results excerpt	Appraisal flags single-center design, class imbalance, and no external validation cohort.
REC-AIBIOGU-000065	appraisal_caution_already_in_rob	AUC	Nomogram AUC 0.929 training, 0.734 internal validation, 0.743 external validation	Appraisal flags large training vs validation AUC gap (0.929 vs 0.734/0.743) suggesting overfitting.
REC-AIBIOGU-000067	appraisal_caution_already_in_rob	C-index	Modest C-index ~0.63–0.73 across models; hypoxia signature did not improve AIC (p=0.625)	Appraisal notes modest C-index (~0.70) and lack of independent external validation.
REC-AIBIOGU-000068	appraisal_caution_already_in_rob	AUC	AUC up to ~0.916 reported in slice with bootstrap validation	Appraisal flags single-center cohort with bootstrap-only validation.
REC-AIBIOGU-000073	no_printed_number	other	Random survival forest outperformed Cox proportional hazards on Brier score, C/D AUC, and C-index, without printed numeric values	The full text does not report a numeric performance metric. Analysis remains retrospective TCGA-PRAD only.
REC-AIBIOGU-000074	appraisal_caution_already_in_rob	C-index	Nomogram C-index 0.906	Appraisal flags n=77, high overfitting risk, and lack of external validation.
REC-AIBIOGU-000078	appraisal_caution_already_in_rob	AUC	AUC up to ~0.95 training and ~0.77–0.91 validation splits in slice excerpt	Appraisal flags single-center design without external validation cohort.
REC-AIBIOGU-000079	no_printed_number	NR	NR	Appraisal: discovery-focused n=35 PCa+ASCVD study without formal predictive validation; borderline GU scope.
REC-AIBIOGU-000083	residual_caveat	AUC	Training (TCGA-PRAD): AUC 1y=0.754, 3y=0.776, 5y=0.706; KM high- vs low-risk HR=4.72, P<0.001; nomogram AUC=0.775. External validation (GSE116918): AUC 1y=0.728, 3y=0.526, 5y=0.599	n_analytic for the TCGA-PRAD cohort used to derive and validate the prognostic model is never given as an explicit number in the manuscript (only GSE35988 [n=88] and GSE66187 [n=95] component counts are stated); marked NR. Funding statement not located (competing interests declared, funding section 
REC-AIBIOGU-000094	appraisal_caution_already_in_rob	other	ROC analysis is described as showing high tumor-versus-normal discrimination for NOP58, and Cox models are described for OS, PFI, and DSS, without a printed AUC, C-index, HR, accur	Appraisal flagged borderline prediction scope because ML outputs are intertwined with mechanistic SUMO/NOP58 analyses rather than a standalone externally validated prognostic model. The full text does not report a numeric metric for the prostate NOP58 model.
REC-AIBIOGU-000103	no_printed_number	other	No radiomics model non-invasively predicted epigenetic clusters (negative prediction result)	Appraisal noted negative/borderline prediction result with poor radiomics performance for epigenetic cluster classification.
REC-AIBIOGU-000114	appraisal_caution_already_in_rob	AUC	Reported training AUC 0.99 for bone metastasis prediction (slice); calibration and DCA shown	Appraisal flagged single-dataset nomogram and unverified generalizability; very high AUC warrants caution.
REC-AIBIOGU-000117	appraisal_caution_already_in_rob	AUC	EPE: MRaP AUC 0.80 vs MR 0.57 and MP 0.76; BCR cross-validated C-index ~0.65 for MR/MP components	Appraisal flagged explicit preliminary designation and small BCR event count limiting prognostic precision.
REC-AIBIOGU-000126	residual_caveat	C-index	Among 18 candidate models/gene sets, top 3 (NE_UP_DN_ssGSEA, Enet[alpha=0.01], NE_UP_ssGSEA) had highest average C-index and AUC>0.90 across 6 validation cohorts, outperforming 11 	Study spans >15 bulk cohorts, 11 scRNA-seq cohorts, 13 experimental models and 1 spatial cohort; a single n_analytic/data_source_detail could not be captured without oversimplifying - reported the scRNA-seq meta-atlas (n=210,879 cells/66 tumors) as the primary analytic N. Exact numeric AUC/C-index v
REC-AIBIOGU-000131	appraisal_caution_already_in_rob	AUC	AUC 0.79 and 0.69 for reported aggressiveness models in slice	Appraisal flagged explicitly exploratory/limited aggressiveness predictor requiring cautious interpretation.
REC-AIBIOGU-000139	no_printed_number	other	Cross-validation performance reported without external validation (numeric AUC not in slice)	Appraisal flagged preliminary cross-validation-only nature as a limitation for generalizability.
REC-AIBIOGU-000151	appraisal_caution_already_in_rob	AUC	0.93 (95% CI 0.83-0.98) combined-model testing-set AUC; training-set combined-model AUC 0.91 (95% CI 0.85-0.95)	Appraisal note: the labeled external validation is an internal 7:3 split. n_analytic is the full cohort of 206 because the paper does not print the testing-set headcount that supports AUC 0.93.
REC-AIBIOGU-000161	appraisal_caution_already_in_rob	AUC	Model AUCs ~0.89 and 0.83; nomogram C-index 0.91 per slice	Appraisal flagged non-independence of LN-level observations clustered within patients.
REC-AIBIOGU-000164	residual_caveat	AUC	0.96 (Model 3 test set); Model 1 test-set AUC 0.78; Model 2 test-set AUC 0.93 (95% CI 0.82-0.99); nomogram C-index 0.964	Test-set discrimination is reported at lymph-node level (45 nodes nested in 15 patients). n_analytic is those test-set nodes.
REC-AIBIOGU-000165	appraisal_caution_already_in_rob	AUC	AUC 0.81 metastasis vs primary PCa; AUC 0.88 high- vs low-progression risk on external expression cohorts	Appraisal flags borderline scope because biomarkers come from periprostatic adipose rather than standard tumor tissue and discovery n=10 is tiny.
REC-AIBIOGU-000167	residual_caveat	HR	1.170 (multivariate Cox for recurrence-free survival, 95% CI 1.079-1.267, p<0.001; TCGA)	Primary prognostic number printed for TILTregSig is the TCGA multivariate HR. A separate tumor-immune-score AUC of 0.665 is reported. The full text does not print a numeric time-dependent AUC for recurrence-free survival.
REC-AIBIOGU-000170	appraisal_caution_already_in_rob	AUC	Training AUC 0.914 (95% CI 0.854–0.974); test-set AUC 0.920 (95% CI 0.849–0.991) for combinatorial model	Appraisal flags borderline validation because the 30% test split is from the same pooled cohort rather than independent multicenter validation.
REC-AIBIOGU-000172	residual_caveat	AUC	approximately 0.7 (average 1-, 3-, and 5-year progression AUC in the TCGA training set and four testing PRAD cohorts)	The article is a pan-cancer senescence resource; the extracted axis is the prostate three-gene CS predictor (SPAG5, TACC3, TROAP). The full text gives the progression AUC only as approximately 0.7, not as exact per-cohort values. A separate immunotherapy analysis reported a mean AUC of approximately
REC-AIBIOGU-000173	appraisal_caution_already_in_rob	HR	Univariate Cox HRs up to 2.19 for individual signature genes on 5-year PFI (Table 1; e.g., adjusted p<0.05)	Appraisal notes single-source TCGA design without independent survival-outcome validation cohort.
REC-AIBIOGU-000175	appraisal_caution_already_in_rob	AUC	External validation AUC 0.78 for 3-year BCR vs GGG AUC 0.62; combined AI-MS plus pathology AUC 0.84; GGG2/3 subgroup AUCs 0.84 and 0.81	Appraisal notes source code was withheld pending patent approval, limiting reproducibility despite strong external validation.
REC-AIBIOGU-000180	appraisal_caution_already_in_rob	AUC	Independent validation AUC 0.81 (95% CI 0.76–0.85) for csPCa vs DIN 0.74 and PIN 0.76; RP subset BCR separation HR 5.92 (2.34–15.00, p=0.044)	Appraisal notes borderline PROBAST applicability due to inter-reader PI-RADS variability and mixed biopsy/RP reference standards.
REC-AIBIOGU-000181	appraisal_caution_already_in_rob	AUC	SMOTE-balanced training AUC 0.947 and validation AUC 0.901 for SVM; nomogram training AUC 0.946 and validation AUC 0.910	Appraisal flags borderline validation because SMOTE validation remains within single TCGA source.
REC-AIBIOGU-000183	appraisal_caution_already_in_rob	accuracy	Signature accuracy approximately 0.88 (GGG), 0.89 (pN), and 0.84 (EPE) in internal evaluation	Appraisal notes small n=62 and absence of external validation with accuracy rather than AUC reporting.
REC-AIBIOGU-000186	appraisal_caution_already_in_rob	accuracy	Signature accuracy 74.2% (BER 27%) vs clinico-pathologic baseline 69.2% (BER 32%) on evaluated cohort	Appraisal highlights very small VPCC validation arm (n=23, five events) affecting precision of performance claims.
REC-AIBIOGU-000197	residual_caveat	AUC	0.66 (ELISA, seminal plasma, serum PSA >=4 ng/ml and age >=50)	Title result is the ELISA AUC 0.66. The subgroup sample size is given only in supplemental Table S19 and is not stated in the main text, so n_analytic is NR. The machine-learning panel is a separate axis.
REC-AIBIOGU-000198	residual_caveat	AUC	0.74 (95% CI 0.55-0.92; independent validation cohort)	Analytic N is the independent validation cohort that supports AUC 0.74. The confidence interval is wide (0.55-0.92).
REC-AIBIOGU-000199	residual_caveat	accuracy	88% (leave-one-out cross-validation; 5-nearest neighbor on 20 phenes and linear predictor on 8 phenes)	Authors explicitly warn that the n=90 analysis is prone to overfitting. The 88% accuracy was reached by two different models (5-nearest neighbor on 20 phenes and a linear predictor on 8 phenes).
REC-AIBIOGU-000201	no_printed_number	NR	NR	Slice describes modeling approach but does not report numeric PTEN-prediction performance.
REC-AIBIOGU-000203	residual_caveat	C-index	Best model mean C-index 0.615 across training+validation cohorts; TCGA-BLCA training: 10-fold CV C-index 0.608 (95% CI 0.599-0.617), bootstrap optimism-corrected C-index 0.606 (95%	Primary AI/ML axis extracted is the PCPRS prognostic gene signature (only element matching the SR's AI-biomarker scope); the paper's own narrative anchor is the mechanistic PCP-invasion finding, which is not itself an AI/ML biomarker discovery. validation_level/validation_detail describe the real de
REC-AIBIOGU-000207	residual_caveat	other	High vs low CRSS groups showed significant OS differences in TCGA and GSE13507; time-dependent ROC figures without numeric AUC in slice	Paper combines prognostic ML signature with extensive mechanistic SPHK1 validation; numeric AUC not present in cropped slice.
REC-AIBIOGU-000212	appraisal_caution_already_in_rob	AUC	AUC 0.807 internal validation and 0.783 external multicenter validation for prediction endpoint stated in abstract	Appraisal notes performance collapse in North American TCGA subset, raising domain-shift/generalizability concern.
REC-AIBIOGU-000214	appraisal_caution_already_in_rob	AUC	AUC 0.77 (TP53), 0.76 (FGFR3), 0.75 (ARID1A); high-TMB AUC 0.61; luminal-infiltrated subtype AUC 0.69	Appraisal and authors flag unvalidated pilot design with overfitting risk.
REC-AIBIOGU-000216	appraisal_caution_already_in_rob	AUC	External AUROC 0.932 (male) and 0.914 (female) for tumor vs non-tumor; male-vs-female tumor panel mean composite AUROC 0.734	Appraisal flags weaker male-vs-female tumor panel AUROC (0.734) and small external validation sets.
REC-AIBIOGU-000218	appraisal_caution_already_in_rob	C-index	Training C-index 0.871 vs GSE13507 validation C-index 0.606 (attenuation noted in appraisal)	Appraisal highlights large discrimination drop from training to external validation (C-index 0.871 to 0.606).
REC-AIBIOGU-000219	residual_caveat	C-index	0.682 (mean across all cohorts); 0.67 (mean in validation cohorts); StepCox[both] + Ridge	Primary anchor is BDE-47 toxicogenomics; BDERS is a gene-expression risk score, not a measured patient exposure. Selection metric is the mean C-index (0.682 all cohorts; 0.67 validation cohorts).
REC-AIBIOGU-000221	residual_caveat	AUC	0.890 (BIRC5), 0.906 (CXCL12), and 0.867 (HSPA12A) in TCGA-BLCA	The printed AUCs are in-sample ROC values on TCGA-BLCA after the genes were selected in that dataset, so validation_level is none. Figure confidence intervals are not paired unambiguously with each gene in the text, so only the stated point estimates are recorded.
REC-AIBIOGU-000222	residual_caveat	C-index	0.76 (TCGA training, CoxBoost + GBM); 0.63 (GSE13507); 0.62 (GSE37815). TCGA 1-/3-/5-year AUC 0.796, 0.827, and 0.841	External C-index values (0.63 and 0.62) are lower than the training C-index (0.76), consistent with the appraisal note of weaker external discrimination. Some other combinations had external C-index values below 0.6 and were set aside by the authors.
REC-AIBIOGU-000223	appraisal_caution_already_in_rob	AUC	Mean AUC approximately 0.95 in repeated 5-fold CV on full dataset (permutation-tested)	Appraisal notes no independent validation and optimistic CV AUC (~0.90) on n=51.
REC-AIBIOGU-000224	residual_caveat	HR	2.12 (high- versus low-risk overall survival, p=7.7e-7; median survival 20.5 versus 86.8 months)	The full text prints HR 2.12 but does not print a numeric C-index or AUROC, and it does not state the TCGA analytic sample size.
REC-AIBIOGU-000225	residual_caveat	C-index	0.763 (training) and 0.685 (validation) for Lasso+RSF. Time-dependent AUC 0.97, 0.97, and 0.96 (TCGA); 0.71, 0.73, and 0.73 (GSE13507); 0.63, 0.69, and 0.69 (GSE32894) at 1, 3, and	Training time-dependent AUCs (0.97) are much higher than the external cohorts (0.71-0.73 and 0.63-0.69). The selection metric recorded here is the C-index (0.763 training; 0.685 validation).
REC-AIBIOGU-000228	residual_caveat	AUC	RF cisplatin-resistance model external AUC 0.708–0.850 in two validation sets; MAM score KM/ROC across TCGA, GSE13507, IMvigor210	Primary anchor is mechanistic MAM/ATAD3A biology; prognostic ML components are secondary.
REC-AIBIOGU-000229	appraisal_caution_already_in_rob	AUC	SVM AUC 0.988 (TCGA-BLCA) and 0.987 (GSE13507)	Appraisal flags near-perfect AUC (0.988/0.987) as potential overfitting/optimistic omics performance.
REC-AIBIOGU-000230	no_printed_number	other	LASSO three-gene risk score did not significantly stratify survival; significant grouping relied on consensus-cluster assignment instead	Appraisal notes intended LASSO prognostic model failed and was replaced by weaker consensus-cluster grouping.
REC-AIBIOGU-000235	residual_caveat	AUC	0.880, 0.860, and 0.839 at 1, 3, and 5 years (Figure 3C). Risk-score AUC 0.839 versus stage 0.683, age 0.613, sex 0.505, and grade 0.471 (Figure 3D)	Time-dependent AUCs are printed, but the article does not state the analytic sample size and does not print numeric AUCs for the external GEO cohorts. C-index was the model-selection metric and is not given as a number in the text.
REC-AIBIOGU-000237	no_printed_number	NR	ROC and consensus clustering support diagnostic/prognostic utility; numeric AUC/C-index not stated in cropped slice	Includes Mendelian randomization beyond typical prognostic ML designs; numeric model performance not in slice.
REC-AIBIOGU-000239	no_printed_number	NR	NR	Preprint-style article-in-press formatting and tiny urine validation cohort (n=12) raise applicability concerns.
REC-AIBIOGU-000240	residual_caveat	AUC	Discovery cohort (5-fold stratified CV, n=2839): Random Forest overall accuracy=0.681, AUC=0.937; SVM AUC=0.890; KNN AUC=0.837. Bladder cancer per-class CV: F1=0.93 (AUC approachin	Pan-cancer study; bladder/urothelial cancer (the only GU-relevant tumor type) is one of nine cancer types and not isolated for GU-specific model performance beyond discovery-set per-class metrics (F1=0.93). Bladder cancer absent from external validation cohort, so no externally validated GU-specific
REC-AIBIOGU-000242	residual_caveat	AUC	Training (GSE32894): AUC 0.76/0.85/0.86 at 1/3/5-year OS; HR=13.00 (95% CI 3.06-55.16, p<0.001). External validation (GSE13507): AUC 0.71/0.68/0.68 at 1/3/5-year; HR=1.68 (95% CI 1	No explicit Data/Code Availability statement found anywhere in the article (methods reference only public database URLs); coded NR rather than inferred. n_analytic set to GSE32894 training subset with complete grade data (n=221); other cohort sizes noted in data_source_detail/other_key_outcomes.
REC-AIBIOGU-000244	residual_caveat	C-index	Average C-index 0.766 across evaluated models; time-dependent AUC approximately 0.60–0.72 across cohorts	Primary anchor is pesticide toxicology mechanism; prognostic ML uses exposure-proxy gene set rather than measured imidacloprid exposure.
REC-AIBIOGU-000263	residual_caveat	AUC	External-test nomogram AUC 0.778 (2-year OS) and 0.785 (3-year OS); validation 0.86 and 0.982; training 0.913 and 0.837. GBM radiomics alone, external test: 2-year AUC 0.700 (95% C	n_analytic is the external test set that supports the lead AUCs. Some printed confidence intervals are inconsistent with the point estimate (3-year training nomogram AUC 0.837 with CI 0.83-0.98). TCGA/TCIA images are public; the hospital test set is available from the corresponding author on request
REC-AIBIOGU-000264	residual_caveat	other	RSF+SuperPC was selected as the highest C-index among 101 LOOCV models; ROC performance is described only qualitatively	Full text does not report a numeric metric. Mechanistic multi-omics and MYH11 experiments remain a parallel axis of the paper.
REC-AIBIOGU-000265	appraisal_caution_already_in_rob	AUC	ICI response prediction AUC=0.77.	Borderline GU scope: signature built pan-cancer and BLCA is a post hoc highlight, not the primary target per appraisal_note.
REC-AIBIOGU-000275	appraisal_caution_already_in_rob	C-index	Mean C-index 0.75; TCGA 1-/3-/5-year AUC 0.711/0.751/0.806.	BLCA immunotherapy validation uses cutaneous melanoma ICI cohorts as proxy per appraisal_note.
REC-AIBIOGU-000280	no_printed_number	NR	NR	Borderline scope: tiny IMC discovery cohort and prognostic testing spans nine TCGA tumor types, not BLCA-specific validation per appraisal_note.
REC-AIBIOGU-000285	appraisal_caution_already_in_rob	C-index	Mean C-index=0.72 for optimal MRS in TCGA.	Immunotherapy validation relies on cutaneous melanoma ICI cohorts as BLCA proxy per appraisal_note.
REC-AIBIOGU-000287	appraisal_caution_already_in_rob	C-index	Highest average C-index 0.73; TCGA 1-/3-/5-year AUC 0.754/0.779/0.806.	Immunotherapy validation uses cutaneous melanoma ICI cohorts as BLCA proxy per appraisal_note.
REC-AIBIOGU-000293	appraisal_caution_already_in_rob	C-index	Highest average C-index 0.69; TCGA 1-/3-/5-year AUC 0.744/0.791/0.816.	Immunotherapy validation uses melanoma ICI cohorts as BLCA proxy per appraisal_note.
REC-AIBIOGU-000297	residual_caveat	AUC	FRGI nomogram OS AUC: TCGA-BLCA 0.71, 0.70, and 0.72; GSE32894 0.78, 0.82, and 0.84; IMvigor210 0.95, 0.87, and 0.83. The text labels the first and third time point in each series 	A C-index is not reported. Each nomogram AUC series prints two values labeled 1 year, so the time point for 0.72, 0.84, and 0.83 is ambiguous in the full text.
REC-AIBIOGU-000317	residual_caveat	AUC	Therapy-response AUC 0.7174; accuracy 77.42% (95% CI 0.589-0.9041)	Primary axis is therapy response. Disease-progression AUC 1.0 is the authors' perfect-separation result and is not the primary metric. The exact test-set N inside the 102-sample split is not stated.
REC-AIBIOGU-000319	appraisal_caution_already_in_rob	accuracy	IBD/BC classification accuracy >0.80 for three ML algorithms (slice results).	Borderline scope: primary framing is IBD-BC comorbidity pathogenesis rather than BC-specific GU biomarker focus per appraisal_note.
REC-AIBIOGU-000321	appraisal_caution_already_in_rob	AUC	Test-set 5-year survival AUC 0.87±0.05 for CRD (vs 0.82 clinical alone); test n=64	Appraisal flags extremely small internal validation split (n=7), limiting rigor of internal validation despite reported test-set AUC.
REC-AIBIOGU-000324	residual_caveat	AUC	Testing-cohort clinic-radiomics AUC 0.821 (95% CI 0.669-0.972); training AUC 0.895 (95% CI 0.818-0.973). The abstract states testing AUC 0.817 and accuracy 0.750 for the clinic-rad	The results section reports clinic-radiomics testing AUC 0.821 (95% CI 0.669-0.972), while the abstract reports testing AUC 0.817 for the same model.
REC-AIBIOGU-000327	appraisal_caution_already_in_rob	AUC	Combined nomogram validation AUC 0.854; best radiomics-only SVM validation AUC 0.842 (accuracy 0.844)	Appraisal notes single-center design, no external validation, and unclear data availability in slice.
REC-AIBIOGU-000331	appraisal_caution_already_in_rob	AUC	Fused radiology-pathology subtype model AUC 0.89 (95% CI 0.75-1.0) vs unimodal methods	Appraisal flags molecular-subtype prediction as borderline surrogate outcome rather than direct clinical endpoint for PROBAST applicability.
REC-AIBIOGU-000335	residual_caveat	AUC	Patient-level microaverage AUC 0.74 and macroaverage AUC 0.76 for three-class MDA subtype classification by Inception V3 (Figure 4A).	The anchor of the paper is a comparative upper-tract urothelial analysis; the deep-learning subtype classifier is auxiliary. The full text reports AUC only for the TCGA bladder model, not for UTUC.
REC-AIBIOGU-000338	appraisal_caution_already_in_rob	AUC	Validation AUCs 0.582 (ADC1000), 0.745 (ADC1700), 0.745 (ADC3000) for grade discrimination	Appraisal flags small feasibility-style design with internal split only.
REC-AIBIOGU-000341	no_printed_number	other	High-risk gender signature associated with worse survival and drug sensitivity; nomogram with staging (numeric AUC not in slice)	Comorbid/subgroup-stratified gender-by-metastasis design per calibration rule 5; primary anchor spans epidemiology and signature discovery.
REC-AIBIOGU-000345	appraisal_caution_already_in_rob	AUC	Best SVM averaged AUC ~0.688 for PR/ROC metrics across phenotypes (cross-validation)	Appraisal flags nonstandard immune phenotype endpoint with limited external validation.
REC-AIBIOGU-000350	appraisal_caution_already_in_rob	accuracy	Discovery cohort 100% responder classification with RGIFE nine-gene panel; GSE13507 validation log-rank p=0.02 (n=26)	Appraisal flags non-representative extreme-responder discovery cohort and 100% training accuracy as high optimistic bias risk.
REC-AIBIOGU-000351	residual_caveat	other	Unsupervised radiomic clusters enriched for high TMB (p=0.039); six-feature logistic model built with bootstrapping (numeric AUC not in slice)	Self-described feasibility study without external validation; numeric classification AUC absent from slice.
REC-AIBIOGU-000374	residual_caveat	other	Consistent predictive performance in training and external validation cohorts per abstract; GSE167573 time-dependent AUCs referenced but not numerically listed in slice	Paper anchor is mechanistic ferroptosis/PANX2 biology with ML signature as discovery layer; extensive non-AI validation dominates.
REC-AIBIOGU-000379	no_printed_number	other	Diagnostic models showed good tumor vs normal discrimination and nomogram calibration per abstract (numeric AUC not in slice)	Comorbidity-focused ccRCC-hypertension design per calibration rule 5; AI diagnostic piece is secondary to mechanistic/MR aims.
REC-AIBIOGU-000380	residual_caveat	NR	No completed performance result. Authors state that risk-score distribution, Kaplan-Meier analysis, time-dependent ROC, and internal-validation performance of the 19-gene set were 	The full text does not report a numeric metric for the machine-learning gene set. The paper's anchor is MYDGF biology, and the LASSO model is described by the authors as unvalidated.
REC-AIBIOGU-000389	appraisal_caution_already_in_rob	other	Risk model diagnostic performance interpreted by AUC thresholds (>0.9 high) but study-specific AUC not numerically stated in slice	Appraisal flags RT-qPCR discordance for FOXM1 and CDKN2A as validation weakness.
REC-AIBIOGU-000393	residual_caveat	AUC	Time-dependent ROC AUC exceeding 0.9 in TCGA-KIRC and generally exceeding 0.7 in E-MTAB-1980 and GSE167573, surpassing 0.8 in some cases (Fig. 7D).	The full text does not report a numeric C-index. The StepCox[backward] plus random survival forest model was chosen by highest average C-index, and discrimination is stated only as the AUC bounds above.
REC-AIBIOGU-000394	appraisal_caution_already_in_rob	AUC	Subtype classification AUCs ~0.989/0.987 reported (appraisal cautions optimistic interpretation)	Appraisal notes multi-histology RCC cohort and very high AUCs warrant cautious interpretation.
REC-AIBIOGU-000400	appraisal_caution_already_in_rob	AUC	Combined model AUC 0.958 (95% CI 0.905-0.986) overall; 7:3 train/test split (84/36)	Appraisal flags small n=120 and AUC 0.958 with only 36 metastasis events as likely overfitting.
REC-AIBIOGU-000403	appraisal_caution_already_in_rob	AUC	Nomogram AUC 0.934 training and 0.912 test; best habitat model AUC 0.894/0.877	Appraisal notes internal train/test only without external validation cohort.
REC-AIBIOGU-000405	residual_caveat	other	RSF signature stratified OS in TCGA and CPTAC (log-rank p<0.0001); numeric C-index not in slice	n_analytic for bulk RSF stage not explicitly stated in slice; github code noted as available (xxx placeholder in methods).
REC-AIBIOGU-000407	no_printed_number	NR	NECSO Score independent protective prognostic factor for RFS with concordance/time-dependent ROC assessed; numeric values not in slice	Paper anchor mixes pan-cancer TRPM4 mechanistic work with ML prognostic score; performance numerics truncated in slice.
REC-AIBIOGU-000410	appraisal_caution_already_in_rob	AUC	LST1 diagnostic/prognostic AUC >0.745 for T2DM-ccRCC comorbidity axis (abstract)	Borderline scope: comorbidity-focused T2DM+ccRCC axis narrows generalizability to typical GU biomarker discovery per appraisal.
REC-AIBIOGU-000411	residual_caveat	C-index	Optimal Lasso+StepCox model selected by highest mean C-index (exact numeric value not reported); time-dependent ROC AUC 0.65-0.74 across TCGA-KIRC training, TCGA-KIRC testing, and 	n_analytic for TCGA-KIRC/ICGC-RECA cohorts used in SRSM construction not given as explicit numbers in text; exact C-index for the selected model likewise not reported numerically. Flagged per instructions given the borderline prognostic-vs-associative framing noted in appraisal_note plus the missing
REC-AIBIOGU-000414	residual_caveat	HR	Risk score HR 0.848 (95% CI truncated in slice) with strong training/validation performance per abstract	Exact analytic N and full performance table not fully visible in slice; HR excerpt incomplete.
REC-AIBIOGU-000415	appraisal_caution_already_in_rob	AUC	Prognostic model AUC 0.93 reported in results excerpt	Appraisal flags TCM Yang-deficiency exposure as unconventional predictor though treated as in-scope prediction study.
REC-AIBIOGU-000416	appraisal_caution_already_in_rob	C-index	Training C-index reported; external C-index 0.74 (cBioPortal) and 0.81 (E-MTAB-1980)	Paper anchor is BPA network toxicology; BPA not measured in prognostic cohorts per appraisal (pilot PCP/ATBC precedent).
REC-AIBIOGU-000419	appraisal_caution_already_in_rob	AUC	Combined model AUC 0.967 validation and 0.764 external (n=17); multi-energy radiomics AUC 0.833/0.736	Appraisal notes tiny external validation (n=17) limiting generalizability.
REC-AIBIOGU-000421	appraisal_caution_already_in_rob	AUC	Combined model time-dependent AUC 0.849/0.804/0.819 at 1/2/3-year OS vs radiomics-only (p=0.002)	Appraisal flags rare sarcomatoid RCC and small single-center cohort limiting scope.
REC-AIBIOGU-000422	appraisal_caution_already_in_rob	AUC	Reported mean cross-cohort AUC 0.991; FCGR2A staging AUC 0.998	Appraisal flags implausible AUC up to 0.998/0.991 suggesting overfitting or leakage for 14-gene signature.
REC-AIBIOGU-000424	appraisal_caution_already_in_rob	AUC	Pan-cancer nomogram 5-year AUROC 0.78 in the training cohort and 0.81 in the test cohort	Appraisal: strongest prognostic signal in glioblastoma; KIRC secondary—borderline AIBIO_GU scope (pilot REC-000240 analog). The printed performance is the pan-cancer nomogram 5-year AUROC, not a KIRC-specific C-index.
REC-AIBIOGU-000430	appraisal_caution_already_in_rob	AUC	5-year survival AUC 0.989 in discovery; external GSE2748 validation performed	Appraisal flags 5-year AUC 0.989 as overfitting concern despite external GEO validation.
REC-AIBIOGU-000438	residual_caveat	other	Low-risk patients had longer survival than high-risk patients after a 13-lncRNA fatty-acid-metabolism signature (TCGA training n=266, internal validation n=265); ROC curves are sho	The full text does not report a numeric AUC, C-index, HR, accuracy, or sensitivity for the prognostic signature.
REC-AIBIOGU-000448	appraisal_caution_already_in_rob	AUC	Nomogram AUC 0.945 training and 0.873 testing; refined model AUC 0.958 train and 0.913 test	Appraisal notes single-center internal split only without external validation cohort.
REC-AIBIOGU-000458	appraisal_caution_already_in_rob	AUC	Best model AUC 0.964 training and 0.933 testing	Appraisal flags n=86 single-center cohort with high overfitting risk despite reasonable test AUC.
REC-AIBIOGU-000467	appraisal_caution_already_in_rob	AUC	1-year time-dependent AUC 0.927 reported for prognostic model	Appraisal flags Research Square preprint status (2023 posting) with peer review not confirmed in cohort metadata.
REC-AIBIOGU-000474	no_printed_number	other	GMRScore ROC curves were described as having excellent sensitivity and specificity for survival across four cohorts, and the nomogram was said to outperform clinicopathologic featu	The full text does not report a numeric performance metric for the glutamine-metabolism score or nomogram.
REC-AIBIOGU-000482	appraisal_caution_already_in_rob	accuracy	Average malignant-cell classification accuracy 95.16% across pan-cancer scRNA domains (ccRCC ST application n=5 slides)	Appraisal flags borderline scope: primary deliverable is pan-cancer annotation tool, not a standalone GU clinical prediction model.
REC-AIBIOGU-000502	no_printed_number	NR	No clinical outcome prediction model with AUC or C-index reported; ML used for dynamic biomarker pattern discovery	Paper anchor is mechanistic immuno-oncology in mouse models; ML assists flow cytometry interpretation rather than a validated GU clinical prediction model.
REC-AIBIOGU-000511	no_printed_number	NR	Risk groups associated with survival and immunotherapy response (numeric AUC/C-index not in slice)	Appraisal flags data leakage/overlapping TCGA training and validation sources rather than truly independent external validation.
REC-AIBIOGU-000512	appraisal_caution_already_in_rob	AUC	Validation: RF AUC=1.0 and accuracy=1.0; rad+cli nomogram validation AUC 0.949 (0.885–1.000); three ML models AUC 0.9–1.0	Appraisal flags perfect training-set AUC/accuracy (1.0) for random forest as an overfitting red flag.
REC-AIBIOGU-000527	appraisal_caution_already_in_rob	accuracy	Discovery accuracy 97.8%; independent meta-dataset validation 100% accuracy (GSE12090 n=18)	Appraisal warns 100% accuracy on small external test set (n=18) warrants cautious interpretation.
REC-AIBIOGU-000544	appraisal_caution_already_in_rob	accuracy	Test accuracy 92.06% for best model; 10-fold CV mean accuracy reported in slice	Appraisal notes focus is subgroup clustering/classification rather than a direct GU clinical prediction model, though prognostic associations are reported.
REC-AIBIOGU-000563	appraisal_caution_already_in_rob	other	Correct classification rate 86.96% radiomics-only and 95.65% multi-omics integrated (permutation p<10^-4)	Appraisal flags critical sample-size limitation (eight patients, 23 specimens), so findings are hypothesis-generating only.
REC-AIBIOGU-000580	appraisal_caution_already_in_rob	AUC	Training cohort (n=69): AUC 1-yr=0.62, 2-yr=0.66, 3-yr=0.60; validation cohort (n=69): AUC>0.60 for 1-,2-,3-yr survival	Funding, conflicts of interest, and explicit limitations not visible in the extracted text excerpt. ATBC exposure not directly measured in patients per appraisal_note; targets inferred from public toxicology/target-prediction databases, so the toxicology framing is computational/hypothesis-generatin
REC-AIBIOGU-000609	outcome_definition	AUC	Combined clinical-radiomics Random Forest: AUC=0.95, accuracy=87%, precision=89%, recall=86%, F1=87%. LGBM combined: AUC=0.93, accuracy=83%. SVC and KNN performed considerably wors	The lymph-node-metastasis outcome labels appear to describe baseline/preoperative LNM status in stage I patients prior to treatment, not true disease relapse after treatment. Per appraisal_note, the pathologic gold standard for this LN-level outcome should be verified against the full PDF if used fo
REC-AIBIOGU-000651	appraisal_caution_already_in_rob	AUC	BRS3 vs BRS1/2 AUC 0.79 development and 0.71 external validation; tile-level Pearson r 0.33-0.44 vs molecular labels	Appraisal flags medRxiv preprint status; findings should be interpreted cautiously until peer-reviewed publication.
REC-AIBIOGU-000657	appraisal_caution_already_in_rob	AUC	Combined radiomics AUC 0.899 training and 0.867 validation; traditional MRI model 0.841/0.806	Appraisal flags likely sample overlap with REC-AIBIOGU-000659 (same n=255 institution and overlapping MRI grade prediction aim).
REC-AIBIOGU-000664	residual_caveat	other	CoxBoost plus GBM (CBG) had the highest mean C-index on the TCGA internal validation set and E-MTAB-1980 and stable time-dependent AUCs at 1, 3, and 5 years; the paper shows those 	Full text does not report a numeric metric for the CBG signature (C-index, AUC, and HR are figure-only). Primary paper anchor is a single-cell multi-omics atlas; the machine-learning prognostic signature is a secondary output (bioRxiv preprint).
REC-AIBIOGU-000674	appraisal_caution_already_in_rob	AUC	Time-dependent DFS ROC AUC 0.670 (1-yr), 0.636 (3-yr), 0.651 (5-yr)	Appraisal flags modest model discrimination (DFS AUC about 0.64-0.67) relative to cohort peers.
REC-AIBIOGU-000677	appraisal_caution_already_in_rob	AUC	scRNA-seq classification (n=17 patients): LASSO AUC=0.960, Random Forest AUC=0.931, XGBoost AUC=0.962. IHC cohort (n=69): PLA2G2A positivity not associated with OS (HR=1.21, p>0.05	Preprint (Research Square), not peer-reviewed. Per appraisal_note, the ML AUC values (0.93-0.96) on a 17-patient scRNA-seq cohort are likely optimistic given no described external/held-out split - coded internal_split_only rather than accepting an external validation framing.
REC-AIBIOGU-000684	appraisal_caution_already_in_rob	AUC	Ten-fold CV AUC 0.84 ± 0.17; test cohort metrics include AUC 0.87 ± 0.04 reported in results tables	Appraisal notes shared n=91 cohort with REC-AIBIOGU-000681 (different modeling approach).
REC-AIBIOGU-000688	appraisal_caution_already_in_rob	AUC	Highest AUC=0.896 (tile/sample-level ROC); accuracy and confusion matrices also reported graphically	n_analytic reported as 62 (64 originally assigned minus 2 reclassified as mixed GCT); exact analytic n used for training/validation vs. n shown in results table may differ slightly. Per appraisal_note, this is a borderline case of clinical vs. research prediction since the 2 subtypes are not establi
REC-AIBIOGU-000695	appraisal_caution_already_in_rob	AUC	Radiomics signature AUC 0.979 (95% CI 0.873-1.000); sensitivity 90.0% and specificity 100.0%	Appraisal flags very small n=39 with very high AUC (0.979), suggesting overfitting risk.
REC-AIBIOGU-000711	residual_caveat	accuracy	Three-class subtype accuracy 94.07% in the abstract; printed DAG-SVM results include patch accuracy 92.62% and slide-wise AUC 0.93. Clear-cell versus normal slide-wise AUC reached 	The abstract three-class accuracy of 94.07% does not match the highest accuracy in the printed subtype table (92.62% for ResNet-18 plus DAG-SVM).
REC-AIBIOGU-000713	residual_caveat	AUC	0.84 for the best univariate texture feature (T2-weighted MBB-GLCM homogeneity); other single-feature AUCs were 0.80 (ADCm and ADCk Gabor), 0.83 (kurtosis Zernike), and 0.75 (T2 Ze	The leave-pair-out logistic classifier is the stated model, while the numeric ROC results in the text are univariate feature AUCs.
REC-AIBIOGU-000718	no_printed_number	NR	NR	Survival and response claims are stated qualitatively, without a printed AUC, C-index, hazard ratio, or accuracy for the 42-gene classifier.
REC-AIBIOGU-000735	residual_caveat	AUC	Validation AUC 0.758 and accuracy 86.2%; training AUC 0.997 and accuracy 95.7%	Hidden-layer size was chosen to maximize validation-set accuracy, so the reported validation AUC is not an independent holdout estimate.
REC-AIBIOGU-000746	residual_caveat	other	Log-rank P = 8.11e-5 for overall survival between the two TCGA subtypes; internal and external validation sets also separated survival (P < 0.05)	Survival separation is given as a log-rank P value. The TCGA muscle-invasive sample size and a hazard ratio or C-index are not stated.
REC-AIBIOGU-000764	residual_caveat	AUC	Random forest AUC 0.87 (Ki67), 0.80 (S100), 0.85 (extracapsular extension), and 0.82 (perineural invasion); SVM AUC 0.77 for surgical margin	The printed AUCs are not labeled as training or validation estimates, and each endpoint uses a different sample size.
REC-AIBIOGU-000768	residual_caveat	accuracy	Baseline CT accuracy 69% (sensitivity 97%, specificity 1%; AUC 0.51, p=0.40); first post-treatment CT accuracy 66% (sensitivity 90%, specificity 8%; AUC 0.46, p=0.30)	Headline accuracy is high because sensitivity is high and specificity is about 1–8%, while AUC is consistent with chance.
REC-AIBIOGU-000769	residual_caveat	other	9.2–14.6% relative improvement in time-dependent AUC versus NCCN risk groups on the held-out validation set, across six endpoints	Only the relative AUC improvement versus NCCN is printed. The holdout was constrained so the NCCN 5-year distant-metastasis AUC lay between 0.70 and 0.75.
REC-AIBIOGU-000790	residual_caveat	AUC	Nested-CV AUROC > 0.8 for overall histological stage, linear evolutionary subtype, and loss of 9p21.3; the two pipelines stayed within 0.05 AUROC for most significant targets.	Only a lower bound (AUROC > 0.8) is printed for three of twenty targets, so a single point estimate for the anchor target remains ambiguous.
REC-AIBIOGU-000813	no_printed_number	NR	NR	Hold-out strategies are compared qualitatively, but no AUC, accuracy, or achieved sensitivity is stated for the selected classifier.
REC-AIBIOGU-000819	residual_caveat	AUC	8-year OS AUC 0.76; 5-year AUC 0.81; 10-year AUC 0.73.	The survival AUCs come from the development cohort without a described partition, so optimism is unquantified.
REC-AIBIOGU-000822	residual_caveat	C-index	C-index > 0.75 on TCGA-KIRC (n=518) and external E-MTAB-1980 (n=101); combinations were ranked by mean C-index.	Survival performance is reported only as a C-index above 0.75, without a point estimate.
REC-AIBIOGU-000823	residual_caveat	AUC	Multi-image radiomics test AUC 0.867; fusion model AUC 0.893; normalized iodine concentration AUC 0.704.	The abstract places 0.893 next to the phrase difference in AUC, so it is unclear whether 0.893 is the fusion model's test estimate.
REC-AIBIOGU-000847	residual_caveat	AUC	Validation combined-model AUC 0.89; risk-factor model AUC 0.84; B-mode plus CEUS AUC 0.83; B-mode AUC 0.79; CEUS AUC 0.78.	The validation AUC of 0.89 is not tied to a printed validation-cohort size; 166 is the total lesion count.
REC-AIBIOGU-000849	residual_caveat	AUC	Serum 10-fold CV AUC 0.87 (accuracy 0.83, sensitivity 0.84, specificity 0.81); urine 10-fold CV AUC 0.88 (accuracy 0.83, sensitivity 0.85, specificity 0.80).	The serum analytic size is internally inconsistent: 143 samples are stated, while 79 prostate cancer and 84 benign cases sum to 163.
REC-AIBIOGU-000868	residual_caveat	AUC	Internal test combined-model AUC 0.879, 0.854, and 0.831 for 1-, 3-, and 5-year overall survival.	The quoted AUCs belong to the internal test cohort of 154 patients. Application to TCGA-KIRC is described, but those external AUC figures are absent, so external performance is incomplete.
REC-AIBIOGU-000872	residual_caveat	AUC	PET-40% testing AUC 0.882 (95% CI 0.786-0.979); training AUC 0.887 (95% CI 0.826-0.948).	Testing AUC 0.882 follows a 7:3 split of 214 lesions, but the testing-group size itself is not stated.
REC-AIBIOGU-000886	residual_caveat	AUC	Habitat-model external AUC 0.859-0.939; clinical-model external AUC 0.789; combined-model training AUC 0.999 (sensitivity 1, specificity 0.955).	The combined model is given a training AUC of 0.999. External discrimination is printed for the habitat models and the clinical model, so the external estimate for the combined model is uncertain.
REC-AIBIOGU-000910	residual_caveat	AUC	ExtraTrees test-set AUC 1.000 and training-set AUC 0.753. Logistic regression and LightGBM had test-set sensitivity 0.615.	The reported test AUC of 1.000 is higher than the training AUC of 0.753, and the test-set size is not stated.
REC-AIBIOGU-000914	no_printed_number	NR	NR	Methods and results give different cohort totals (443 versus 338), and no AUC, accuracy, or C-index is printed.
REC-AIBIOGU-000918	residual_caveat	other	External mean performance 73.8% for grade-group classification with random forest on PSMA-avid PET lesions; 73.7% for the calibrated classifier across internal and external sets. E	External results are given as mean performance (73.8% and 73.7%) without stating whether that figure is AUC, accuracy, or another score.
REC-AIBIOGU-000921	residual_caveat	C-index	Optimism-corrected C-index 0.722 (95% CI 0.653-0.784) for the clinical model, 0.681 (95% CI 0.616-0.745) for radiomics, and 0.704 (95% CI 0.648-0.768) for the combined model. Lesio	Validation is optimism-corrected bootstrap on a single cohort, which is neither a holdout split nor explicit k-fold cross-validation.
REC-AIBIOGU-000923	residual_caveat	accuracy	Subtype accuracy 0.77 (95% CI 0.69-0.86) for tumors larger than 4 cm and 0.68 for smaller tumors; benign-versus-malignant accuracy 0.85 (95% CI 0.74-0.93).	Accuracies are printed, but the training and test counts are not readable, so the sample size behind those accuracies is uncertain.
REC-AIBIOGU-000942	residual_caveat	AUC	Test AUC 0.86 (95% CI 0.85-0.88) for combined T2-weighted plus ADC features and 0.86 (95% CI 0.85-0.88) for ADC in one model series; logistic-regression combined test AUC 0.85 (95%	Test AUCs are printed, but the training and test counts are not, so the N behind the test AUC is uncertain. The 0.86 combined figure is taken from the model series reported before the logistic-regression AUCs.
REC-AIBIOGU-000943	residual_caveat	AUC	Fivefold cross-validation: radiomics-only AUC 0.68±0.08 in the full cohort and 0.80±0.08 when TURB preceded CT by more than 14 days; combined clinical-radiomics AUC 0.76 and 0.82 i	The abstract and methods disagree on whether cohort 1 is a timing subgroup or the full cohort. Analytic N follows the methods count for the delayed cohort (55+24) that supports AUC 0.82.
REC-AIBIOGU-000950	residual_caveat	AUC	Validation RDIS AUC 0.874 (sensitivity 0.960, specificity 0.765), versus radiomic AUC 0.844 and immunologic AUC 0.767; training RDIS AUC 0.911 (95% CI 0.866-0.956)	Enrollment is stated as 157 patients, but the performance table sums to 200 (141 training and 59 validation). Analytic N follows the validation column that reports AUC 0.874.
REC-AIBIOGU-000971	residual_caveat	AUC	SVM AUC 0.860 (95% CI 0.789-0.931) in training and 0.813 (0.694-0.931) in validation; ResNet101 AUC 0.815 and 0.743; combined model AUC 0.863 (95% CI 0.804-0.921)	The validation SVM AUC is tied to 62 patients. The combined AUC of 0.863 has no cohort label, so the N for that headline figure is uncertain.
REC-AIBIOGU-000987	residual_caveat	AUC	ICAM1 AUC 0.757 and RAET1E AUC 0.673, also printed as AUROC 0.76 and 0.68 with accuracies 0.71 and 0.66; external IHC accuracy 76.92% (sensitivity 100%, specificity 53.85%) for ICA	The same AUCs are printed both as percentages (75.7% and 67.3%) and as proportions (0.76 and 0.68). External sensitivity of 100% on 26 cases needs review. Own immunohistochemistry does not change the model source from TCGA.
REC-AIBIOGU-000990	residual_caveat	AUC	Multimodal AUC 0.839 (95% CI 0.676-1.000) for metachronous metastatic progression, versus CNN-only AUC 0.723 (0.497-0.949). Synchronous AUCs of 0.82 and 0.72 are printed with the C	Two results sentences exchange which of the CNN and multimodal models has synchronous-metastasis AUC 0.82 versus 0.72. The metachronous AUC of 0.839 is consistent and is assigned to the 28-patient test set.
REC-AIBIOGU-001014	residual_caveat	AUC	Independent-test AUROC 0.967 (95% CI 0.929-1.0) for the fused model; a non-enhanced fused model had AUROC 0.837 (95% CI 0.729-0.946)	The external AUROC of 0.967 on 55 patients has a confidence interval that reaches 1.0 and should be checked for overfitting or an unusually separable test set.
REC-AIBIOGU-001020	residual_caveat	AUC	Combined model AUC 0.909 (95% CI 0.852-0.965) in training and 0.947 (95% CI 0.882-1.012) in internal validation; SVM radiomics AUC 0.872 in training and 0.923 in validation	This is the same Huadong Hospital enrollment window as the published Zhou 2026 paper, with a different split and a validation confidence interval that exceeds 1 (1.012).
REC-AIBIOGU-001023	residual_caveat	AUC	Combined model AUC 0.932 (95% CI 0.884-0.980) in training and 0.979 (0.939-1.000) in internal validation; ADC plus T2-weighted radiomics validation AUC 0.952 versus 0.923 for ADC a	This is the published counterpart of REC-AIBIOGU-001020. The shared cohort should be checked before synthesis, and the validation confidence interval reaches 1.000.
REC-AIBIOGU-001032	residual_caveat	AUC	Proteomics random forest AUC 0.99 and accuracy 0.98 on 10-fold cross-validation; histology model accuracy 0.95 on the held-out image test set.	The performance endpoint is tumor versus normal classification in one public cohort, not a prognostic or treatment-response biomarker.
REC-AIBIOGU-001033	residual_caveat	AUC	Region-growing LDA: accuracy 74.49%, AUC 79.20%, sensitivity 84.38%.	The primary aim is segmentation robustness. The risk-model AUC is reported, but the split used for that AUC is not stated as an external cohort.
REC-AIBIOGU-001034	residual_caveat	AUC	Internal-test ROC AUC 0.908, 0.646, 0.857, 0.747, and 0.713 for R.E.N.A.L. features R, E, A, L, and N.	n_analytic is the internal test set that supports the printed R.E.N.A.L. AUCs. Survival metrics are described but the printed numbers in the crop are the anatomical AUCs. Code and data availability were not in the first pages.
